user_id,tenure,monthly_charges,total_charges,contract_type,churn,ltv_ratio,is_flexible
0,52,105.56964681062857,2067.3221477203124,One year,0,39.75619514846755,0
1,15,103.02198645669915,4020.3477466258814,Month-to-month,0,268.0231831083921,1
2,61,59.71835296184548,1099.7746096816045,One year,0,18.029091961993515,0
3,21,86.80851365706462,2819.9162515812027,Two year,0,134.28172626577157,0
4,24,40.4984295415821,3692.0493505454065,One year,0,153.8353896060586,0
5,3,49.31477302610133,3118.3287062748773,Month-to-month,0,1039.4429020916257,1
6,22,109.63358185211197,1021.3211996155391,Month-to-month,0,46.423690891615415,1
7,53,21.300192351073605,1841.3843865601232,Two year,0,34.74310163320987,0
8,2,28.550853085446807,3940.5797439784465,Month-to-month,1,1970.2898719892232,1
9,30,40.78862551460273,2815.7099192468813,Two year,0,93.85699730822938,0
10,38,22.65322038738197,125.62510636027241,Month-to-month,0,3.3059238515861162,1
11,2,38.14354350897973,3828.85472413766,Month-to-month,0,1914.42736206883,1
12,64,78.30415609696922,273.0256392071715,Two year,1,4.266025612612054,0
13,60,62.1424550592498,3754.0955353830377,One year,0,62.56825892305063,0
14,21,109.26717110769748,1092.1547448096633,Month-to-month,0,52.007368800460156,1
15,33,101.7443561738441,4794.560052584963,One year,1,145.2896985631807,0
16,58,54.1817351697876,1902.909681380214,Month-to-month,1,32.80878761000369,1
17,22,45.94234334312925,1701.9649200565875,Month-to-month,0,77.36204182075397,1
18,49,57.96924081672669,829.551446628979,Month-to-month,0,16.92962135977508,1
19,59,79.02949425148077,1597.4606559020528,Month-to-month,1,27.07560433732293,1
20,42,46.80636408228763,4395.588732958183,One year,1,104.65687459424245,0
21,60,82.41489078491341,4982.038254373512,One year,1,83.0339709062252,0
22,15,60.941165219124045,1904.7166994835568,Month-to-month,0,126.9811132989038,1
23,62,75.20471808519802,2298.1920916772588,Month-to-month,0,37.06761438189127,1
24,62,63.61265291353167,3638.1475971934115,One year,0,58.679799954732445,0
25,47,49.44657595419177,4442.359324278865,Two year,1,94.518283495295,0
26,62,114.84533069621567,3005.9172375152425,Two year,0,48.48253608895553,0
27,51,96.36057941597608,2018.4759210713637,One year,0,39.5779592366934,0
28,55,34.011317576645254,2121.8470201582563,Month-to-month,1,38.579036730150115,1
29,64,106.84679758979128,3508.5289178343537,Month-to-month,0,54.82076434116178,1
30,3,68.74311982495136,115.76949166096554,Two year,1,38.58983055365518,0
31,51,109.45522268940914,3135.987753553219,Two year,0,61.489955952023905,0
32,7,99.98552559473153,1841.9157511626513,One year,0,263.1308215946645,0
33,21,62.52135044692334,3991.566923257713,Two year,0,190.07461539322443,0
34,39,22.24693083201174,555.6541351333476,One year,1,14.247541926496092,0
35,18,46.867735938494604,2982.1911080471136,Two year,0,165.67728378039521,0
36,4,74.16342146608669,2456.7671604420066,Two year,0,614.1917901105016,0
37,60,83.34782198261473,3247.3950769356143,Two year,1,54.123251282260235,0
38,14,45.78876854332023,417.7826129665449,Month-to-month,0,29.841615211896062,1
39,9,33.93560740728241,2941.9205583978433,Month-to-month,0,326.8800620442048,1
40,53,103.4930236799299,2851.274481001666,Month-to-month,0,53.79763171701257,1
41,2,118.44021807035521,2847.2344626392373,Two year,0,1423.6172313196187,0
42,60,72.56901823026858,3057.0895663226283,One year,0,50.95149277204381,0
43,71,37.16792858483035,3414.692892409175,One year,0,48.09426609027007,0
44,44,47.2307326519369,4044.446098435772,One year,0,91.91922950990391,0
45,8,21.839067654746675,1422.1215286282502,One year,0,177.76519107853127,0
46,47,111.4298806560499,4142.742109882304,Month-to-month,0,88.143449146432,1
47,35,31.775108289014113,2541.4528430909227,Month-to-month,0,72.61293837402636,1
48,36,77.65164755142536,477.5855677582227,Two year,0,13.266265771061741,0
49,50,47.4055220687206,386.8995532954981,Two year,0,7.737991065909962,0
50,4,75.41780025157934,1737.767761610698,One year,0,434.4419404026745,0
51,2,85.14203883518643,3945.995187846191,Month-to-month,0,1972.9975939230956,1
52,6,102.97418037072016,3567.636580230487,One year,0,594.6060967050812,0
53,54,40.64212717606032,3964.2133268947914,Two year,1,73.4113579054591,0
54,4,21.09958286584805,2634.6183765638857,Two year,0,658.6545941409714,0
55,54,33.68856300688073,2256.9750899819037,One year,1,41.79583499966488,0
56,63,110.00186418481051,822.5173808607914,Two year,1,13.055831442234783,0
57,18,107.38900775625153,1708.1444926856266,One year,0,94.8969162603126,0
58,44,79.74131021703083,2226.694894251989,Month-to-month,0,50.606702142090654,1
59,34,80.05168604336534,534.1421054301245,One year,0,15.710061924415427,0
60,62,86.50366745462554,1180.9985682849351,Month-to-month,1,19.04836400459573,1
61,14,37.53712786234496,3031.3039409123203,Month-to-month,0,216.52171006516573,1
62,48,111.44119459249598,3704.74925977203,Two year,0,77.18227624525063,0
63,15,61.87705248920731,4991.9028058254535,Two year,0,332.79352038836356,0
64,62,58.31385282494975,4672.255323583433,Two year,1,75.35895683199085,0
65,40,71.89177052828376,3248.5694777224385,One year,1,81.21423694306097,0
66,53,24.696596677505504,2164.115461140953,One year,0,40.83236719133873,0
67,24,36.62833687560794,3217.2690870703404,Two year,0,134.05287862793085,0
68,26,93.80336164263704,3949.692928593137,One year,0,151.91126648435142,0
69,60,28.279866792512646,679.8473355245978,Two year,0,11.330788925409964,0
70,41,80.31521094663881,2108.533959511812,One year,1,51.427657549068584,0
71,29,44.534910968132095,4215.031199614525,Month-to-month,0,145.3459034349836,1
72,15,58.929561404197656,1980.7814644719156,Month-to-month,0,132.05209763146104,1
73,45,48.86937367706999,2902.174129013214,Two year,0,64.49275842251586,0
74,65,55.567271646494916,2980.069868224771,One year,1,45.84722874191956,0
75,71,91.90459051842456,1003.9336403548328,One year,1,14.139910427532858,0
76,9,49.7121715623175,1874.953664096213,Month-to-month,0,208.32818489957924,1
77,1,76.64046402968972,1739.1053148354674,Month-to-month,1,1739.1053148354674,1
78,8,67.60504021990997,228.3638718071175,Two year,0,28.545483975889688,0
79,63,86.36711653626482,218.5396430676407,Month-to-month,0,3.468883223295884,1
80,11,113.6829739324758,4175.31551401129,Two year,0,379.57413763739004,0
81,8,93.25720972102503,1438.0469688667808,Month-to-month,0,179.7558711083476,1
82,35,41.494037859075675,2638.5859545701956,Month-to-month,0,75.38817013057701,1
83,35,23.118313506128466,1563.755310584988,One year,1,44.678723159571085,0
84,33,46.22640442998251,4709.3283010651685,Month-to-month,0,142.70691821409602,1
85,5,79.50779307002549,1370.5541184422914,Month-to-month,0,274.11082368845825,1
86,41,25.142581348425033,2205.3183824207817,Two year,0,53.788253229775165,0
87,28,69.63662472012363,4376.378227374549,Month-to-month,0,156.2992224062339,1
88,7,79.68428489168892,4225.474477279862,Two year,1,603.6392110399803,0
89,12,53.424389081696084,1011.8969474467589,Month-to-month,0,84.32474562056323,1
90,34,97.09122037458219,4032.952217998981,Month-to-month,0,118.61624170585237,1
91,33,30.65982531337718,2345.115745015674,Two year,1,71.06411348532345,0
92,48,27.513778173580874,2466.5474732182406,One year,0,51.38640569204668,0
93,23,92.81887562036033,754.0518648381245,Two year,0,32.78486368861411,0
94,62,69.54913162061985,494.9474174099108,Two year,0,7.983022861450174,0
95,37,88.84023964277361,3666.9026041714496,Two year,0,99.10547578841756,0
96,44,63.48273386037462,2532.659646540969,One year,1,57.560446512294746,0
97,35,44.64020332391068,2240.56844281438,Month-to-month,1,64.016241223268,1
98,65,101.91023176741997,3674.590320396744,Two year,0,56.53215877533452,0
99,47,99.94158789689793,3851.013205056438,Two year,1,81.93645117141358,0
100,3,89.46964708544267,878.6500215798325,One year,0,292.8833405266108,0
101,1,47.21451372299627,3090.1032324404423,Two year,0,3090.1032324404423,0
102,5,79.0230666869087,763.2350031606591,Month-to-month,0,152.6470006321318,1
103,14,56.09738969400268,3781.737921542324,One year,0,270.12413725302315,0
104,27,29.158207332663416,3319.0802657089835,Month-to-month,0,122.92889872996236,1
105,9,111.73135754622427,4787.411643308944,Month-to-month,0,531.9346270343271,1
106,15,33.68186309189614,437.8942801464638,One year,1,29.192952009764255,0
107,42,115.02373538208025,379.5681336411462,Two year,0,9.037336515265386,0
108,51,64.60057729579557,1482.7166659966806,Month-to-month,0,29.072875803856483,1
109,63,38.513292883861965,1382.3578503059393,Month-to-month,0,21.942188100094274,1
110,52,74.1900947378358,1310.1961154527992,Month-to-month,0,25.19607914332306,1
111,4,107.29458358764083,4540.647444553079,Month-to-month,0,1135.1618611382698,1
112,23,93.22248864095612,1322.77637926258,One year,0,57.512016489677386,0
113,15,100.65611478614497,1432.553658030292,One year,1,95.50357720201946,0
114,43,85.87833667107174,3821.0514858480224,Month-to-month,0,88.86166246158191,1
115,29,89.22765645178525,2303.725228007646,Two year,0,79.4388009657809,0
116,36,104.91956515653193,3905.881729080388,Month-to-month,0,108.49671469667744,1
117,13,44.966800885918595,420.29417206548766,Two year,0,32.33032092811443,0
118,32,68.94249636431405,2489.098848999583,Month-to-month,0,77.78433903123697,1
119,71,42.120944181960226,264.7066408980849,Two year,1,3.728262547860351,0
120,59,118.7668007996647,407.00069693123714,Month-to-month,0,6.898316897139613,1
121,28,114.40593396866133,4541.5435213876135,Two year,0,162.19798290670047,0
122,66,23.942681136850588,782.3023184762163,Month-to-month,0,11.853065431457823,1
123,42,90.55751725156884,2708.8613431485637,Month-to-month,0,64.49669864639438,1
124,45,112.52483174156659,2114.368452743462,Two year,0,46.985965616521376,0
125,62,38.057534512733355,1801.9822986683291,One year,1,29.06423062368273,0
126,57,76.79452305526294,4509.1833938676355,Two year,0,79.10848059416904,0
127,6,111.54882975880419,206.93464419989857,One year,1,34.48910736664976,0
128,28,23.394597858579885,3352.5694622603864,Month-to-month,0,119.73462365215666,1
129,28,89.742026724684,4820.632727646397,Two year,1,172.1654545587999,0
130,44,49.734900737255074,2844.8240989630253,Two year,0,64.65509315825058,0
131,30,112.43961953765304,4690.43006396215,Two year,0,156.3476687987383,0
132,62,117.10582451653677,356.06360850151646,One year,0,5.742961427443814,0
133,62,114.42664891134339,2152.0872634633906,One year,1,34.71108489457082,0
134,1,67.42142166574638,1374.7731757140507,Month-to-month,0,1374.7731757140507,1
135,27,106.20426509893134,3681.022728405576,One year,0,136.33417512613244,0
136,62,104.45493985350704,4908.355743436508,One year,0,79.16702811994368,0
137,3,51.91004732432556,1356.9973059768142,Month-to-month,1,452.33243532560476,1
138,70,102.89154741506773,3305.455547222965,Two year,0,47.22079353175664,0
139,27,23.700763471549262,1070.6784005227266,Two year,1,39.654755574915804,0
140,9,79.6269878482053,2870.1182474008883,Month-to-month,0,318.9020274889876,1
141,62,43.000883728770305,2373.2691847728474,Two year,0,38.278535238271736,0
142,37,32.05668857772788,4862.826115194532,One year,0,131.42773284309544,0
143,51,27.695320162920915,3081.7836362126864,Month-to-month,1,60.42713012181738,1
144,44,89.62887758781397,1812.581223225412,Month-to-month,0,41.19502780057755,1
145,24,53.98749637680661,659.0693459508735,Month-to-month,1,27.461222747953062,1
146,59,92.47667715287615,841.1094608011794,Two year,0,14.256092555952192,0
147,32,26.535634079894237,1204.052956761052,Month-to-month,0,37.626654898782874,1
148,52,51.52903378306104,1329.7366405674602,Month-to-month,0,25.571858472451158,1
149,62,73.94912923753373,4268.018683421576,Month-to-month,0,68.83901102292864,1
150,58,99.07231648389636,2849.991662584372,Two year,1,49.13778728593745,0
151,52,51.87525029320699,2664.6154657343955,One year,1,51.242605110276834,0
152,12,82.58913764370091,662.3674721591656,Month-to-month,1,55.19728934659713,1
153,39,108.5977748236187,4314.684497412231,One year,1,110.63293583108286,0
154,2,81.58631881823047,3641.7900857215704,Two year,0,1820.8950428607852,0
155,3,43.29594747536338,431.57497331000775,Two year,0,143.85832443666925,0
156,56,22.4400781556538,3568.3919764258667,Two year,1,63.72128529331905,0
157,59,107.00988739009298,2763.337264978966,Two year,0,46.83622483015196,0
158,2,22.126941085038712,500.45419415921344,One year,1,250.22709707960672,0
159,2,107.47016726841994,2345.673143490417,Month-to-month,1,1172.8365717452084,1
160,54,72.8937134027212,2475.01180693723,Two year,0,45.83355198031908,0
161,1,113.90676985128962,912.2952468000511,Two year,1,912.2952468000511,0
162,19,99.87832357736654,4733.920920301383,One year,0,249.15373264744122,0
163,2,119.79341105333374,4264.879320255243,One year,0,2132.4396601276217,0
164,53,55.071181545171015,3378.2094529126307,Two year,0,63.73980099835152,0
165,44,96.71882889311269,2365.2482489029753,Month-to-month,0,53.75564202052217,1
166,32,60.193091360924214,2117.6511537640918,Month-to-month,0,66.17659855512787,1
167,70,67.98756203039088,3289.7699890396752,Two year,0,46.99671412913822,0
168,32,82.750546321837,2772.6161600938367,One year,1,86.6442550029324,0
169,68,107.36771141863387,405.1382188212395,Two year,1,5.957914982665287,0
170,55,118.40834691992951,2611.262978974625,Two year,0,47.47750870862955,0
171,56,96.82734138645182,4051.3777244409134,One year,0,72.34603079358774,0
172,17,61.77667821673337,2350.2754002250945,Two year,1,138.25149413088792,0
173,38,62.13570022770702,354.5872300159152,Two year,0,9.331242895155663,0
174,24,93.75823015888915,3952.763176981762,Two year,0,164.69846570757343,0
175,69,43.87771457683023,1086.6825324662746,One year,0,15.749022209656152,0
176,70,31.047411313139467,1367.24209095139,Month-to-month,0,19.532029870734146,1
177,11,55.462215764077655,907.0611318182499,Month-to-month,0,82.46010289256817,1
178,16,48.72389916540817,1718.053817870338,One year,1,107.37836361689612,0
179,59,49.63081204559901,3808.0823778743115,Month-to-month,0,64.54376911651376,1
180,70,43.36077510499099,2644.990711569293,Two year,0,37.78558159384704,0
181,3,24.20931896363619,1103.9182433384915,Month-to-month,0,367.9727477794972,1
182,20,21.787393473341382,4401.367382945,Two year,0,220.06836914725,0
183,59,118.77223897360315,4409.951089262493,Month-to-month,0,74.74493371631344,1
184,36,62.77731337358623,4365.834282725434,One year,1,121.27317452015093,0
185,19,58.432664715968166,1270.1014357695424,Month-to-month,1,66.84744398787065,1
186,67,87.96472826930699,2311.072786486842,Month-to-month,0,34.49362367890809,1
187,19,41.825388786506416,4926.449315090288,Month-to-month,1,259.28680605738356,1
188,20,114.99611839502253,3882.861133918953,One year,1,194.14305669594765,0
189,71,98.6345014415552,233.12036400524312,Month-to-month,1,3.283385408524551,1
190,52,28.941100231225953,419.50249717641105,One year,0,8.067355714930981,0
191,33,61.75807757849284,2373.2637463804303,Two year,0,71.9170832236494,0
192,40,107.91183075621647,4555.179008721645,Month-to-month,0,113.87947521804112,1
193,39,114.47320222914102,2739.6388099682995,One year,0,70.24714897354615,0
194,1,66.74015112498697,2539.281289368022,One year,0,2539.281289368022,0
195,11,81.34113892107078,616.8211297874899,Month-to-month,0,56.07464816249908,1
196,57,36.70339460920752,3318.222513149041,Two year,1,58.21443005524633,0
197,50,119.11686261369765,4128.305486941104,One year,1,82.56610973882209,0
198,23,43.16717013834434,1964.0580367870555,Month-to-month,1,85.39382768639372,1
199,31,114.27317741351257,3900.4980695341046,Two year,0,125.82251837206789,0
200,42,84.96466489923685,4825.935604113977,One year,0,114.90322866938041,0
201,7,80.77367948788591,1098.4556497256767,One year,0,156.9222356750967,0
202,16,71.26885110165085,2664.3151928542325,Two year,0,166.51969955338953,0
203,60,43.066981171775865,1506.9759946144202,Two year,0,25.116266576907,0
204,2,37.65280320055083,3984.986653265813,Month-to-month,0,1992.4933266329065,1
205,1,42.048620907017536,2930.2074928176717,Month-to-month,0,2930.2074928176717,1
206,48,38.64382621442545,3209.4538459964883,One year,1,66.8636217915935,0
207,12,97.95844735667534,4009.779382117881,Two year,0,334.1482818431568,0
208,69,55.01252591667301,2040.2553160460288,Two year,1,29.56891762385549,0
209,37,25.784267656339637,4583.941335194511,Two year,0,123.89030635660842,0
210,32,116.91026301408114,2711.8414495060856,One year,0,84.74504529706518,0
211,9,108.37858849634257,873.9786318932053,Two year,0,97.1087368770228,0
212,19,112.77522831952129,3509.905679027132,Two year,0,184.73187784353325,0
213,48,119.49078226464353,3986.9806171474465,One year,0,83.06209619057181,0
214,3,37.389524921948734,1652.1322176308806,Month-to-month,0,550.7107392102936,1
215,20,59.62420189026587,4300.178359293889,Month-to-month,0,215.00891796469446,1
216,24,95.82384757040913,4540.101948352255,One year,0,189.1709145146773,0
217,54,89.60206180537922,1456.8319881512637,Two year,0,26.978370150949328,0
218,33,35.389590633985506,4919.255216304588,One year,1,149.06833988801782,0
219,24,101.58331249906178,789.4864874389162,Month-to-month,0,32.895270309954846,1
220,36,42.44405718366607,1089.8767751722007,Month-to-month,1,30.274354865894466,1
221,38,42.381761482262306,1002.7017122663281,One year,0,26.38688716490337,0
222,25,73.69744228934135,4480.549579038565,One year,1,179.2219831615426,0
223,18,79.29399348417031,3306.033506392313,Month-to-month,1,183.6685281329063,1
224,66,78.00862078378111,845.3109877891371,One year,0,12.80774223922935,0
225,54,29.148683739775485,2257.58475000491,Month-to-month,0,41.80712500009093,1
226,35,107.74608626303804,3114.96032284203,One year,1,88.99886636691515,0
227,61,46.560004258870606,508.9740164479781,One year,0,8.343836335212755,0
228,41,32.95149212828042,4423.84020519596,One year,0,107.89854159014537,0
229,33,108.87480798689772,4037.657323663522,Month-to-month,0,122.35325223222794,1
230,68,115.56514982297534,2575.5131905255275,One year,1,37.87519397831658,0
231,33,106.21276172654507,4838.920414769935,Month-to-month,1,146.6339519627253,1
232,14,100.95160747248781,2147.0287984479883,Month-to-month,0,153.35919988914202,1
233,21,85.52419806390218,4922.140563278839,One year,0,234.38764587042093,0
234,48,75.08573706091393,3372.8079941377728,One year,0,70.2668332112036,0
235,20,28.698675991141016,3209.889238944313,Month-to-month,0,160.49446194721565,1
236,8,60.845321307069874,913.1789869493465,Month-to-month,1,114.14737336866831,1
237,7,57.2688517012314,4421.446015692755,Two year,0,631.635145098965,0
238,67,45.97537837603262,2194.699470811014,Month-to-month,0,32.756708519567376,1
239,17,92.3420113688585,894.9436883341489,Two year,0,52.64374637259699,0
240,33,69.58757350787708,161.77684788121928,Two year,1,4.902328723673311,0
241,48,28.104621590764793,2842.8028498280746,Two year,0,59.22505937141822,0
242,59,42.01832019498113,2684.258148401114,One year,0,45.49590082035786,0
243,22,88.32587636595959,3624.832749608877,One year,0,164.76512498222166,0
244,30,27.61308594903002,4462.26445978723,Month-to-month,0,148.74214865957435,1
245,38,105.12069140487687,489.09226475084466,Two year,0,12.87084907239065,0
246,51,69.51465270139744,3684.3328026677755,One year,0,72.24181966015246,0
247,54,68.0586577326648,1018.3185260781529,One year,0,18.857750482928758,0
248,8,79.24077846595176,4305.067560470104,One year,1,538.133445058763,0
249,27,102.46809659251491,4113.411217922115,One year,1,152.34856362674498,0
250,27,54.780920790219305,2749.8893994291675,One year,1,101.84775553441361,0
251,21,87.80161525590636,3580.1897132542263,Two year,0,170.48522444067743,0
252,30,76.5731963995791,1640.315554600367,Two year,1,54.67718515334557,0
253,28,46.70282701694213,2408.7227047707916,Two year,0,86.02581088467113,0
254,64,107.8629986355158,4126.020798781311,Two year,0,64.46907498095798,0
255,69,99.74260216069281,2350.399466148748,Month-to-month,0,34.063760378967366,1
256,61,85.84518346584255,1853.2115000946649,Two year,0,30.380516394994505,0
257,48,105.05817290942419,2521.6409915264694,One year,0,52.53418732346811,0
258,19,106.72942009598023,4158.4213369423705,Two year,0,218.86428089170371,0
259,4,90.83629767150347,1742.5194321172764,Month-to-month,0,435.6298580293191,1
260,35,103.7013328363672,951.4318063651446,One year,0,27.183765896146987,0
261,64,89.74714616692836,3588.8686996208257,Two year,0,56.0760734315754,0
262,49,88.01407717603004,4147.293242269601,Two year,0,84.6386375973388,0
263,17,81.86113782151844,593.1236447653133,Two year,0,34.889626162665486,0
264,44,95.27166395576413,1275.3831525041292,One year,1,28.98598073873021,0
265,30,35.86051052930737,795.6627498288701,One year,1,26.52209166096234,0
266,46,108.08707591989284,1804.9129167526164,Month-to-month,0,39.23723732070905,1
267,6,107.1843527745232,2306.719796636522,One year,0,384.45329943942033,0
268,37,22.924728303455915,3769.249051120202,One year,0,101.87159597622167,0
269,24,102.58167505647627,3290.623165920203,Two year,1,137.10929858000847,0
270,46,32.88698674734452,3142.5499806443127,One year,0,68.31630392705027,0
271,53,53.51188542591419,1826.6372383873065,Two year,0,34.46485355447748,0
272,60,94.35082562916078,4223.0930101153235,Two year,0,70.38488350192206,0
273,63,36.07598960483082,2409.3071202510064,One year,0,38.242970162714386,0
274,32,101.79670241190622,4897.614196274257,Month-to-month,0,153.05044363357052,1
275,33,103.21341779577419,3207.2964776491103,Month-to-month,1,97.19080235300335,1
276,67,70.74677337608362,718.6972336660634,One year,0,10.726824383075574,0
277,18,20.63858717168336,3413.2700541696267,Month-to-month,0,189.62611412053482,1
278,25,48.70381331749128,1693.009675615325,Two year,1,67.720387024613,0
279,54,81.69269183757422,3463.0032637618774,Two year,1,64.12969006966439,0
280,58,118.11861780274235,441.2416259957881,One year,0,7.607614241306692,0
281,67,83.18135270166684,956.919042162201,Month-to-month,0,14.28237376361494,1
282,46,45.98035810641598,4293.112568638353,Month-to-month,0,93.32853410083376,1
283,24,83.40057030996113,1213.179829415223,Two year,1,50.549159558967624,0
284,32,73.99853797158555,4201.501513690407,One year,0,131.2969223028252,0
285,47,97.98453951511436,1468.452833426611,Month-to-month,1,31.24367730694917,1
286,23,30.69806388269584,3250.1213592876675,One year,0,141.30962431685512,0
287,66,96.1027902502028,3501.337810198172,Month-to-month,0,53.05057288179049,1
288,27,74.12665786761103,2612.0082904107594,Two year,0,96.74104779299108,0
289,2,116.29920038589947,1596.0223158139834,Two year,0,798.0111579069917,0
290,17,54.187216603868606,1141.957444218371,One year,0,67.173967306963,0
291,33,83.26218931339481,262.62783735588846,Two year,0,7.958419313814802,0
292,9,113.20281055100175,1589.3373660795467,Month-to-month,0,176.5930406755052,1
293,43,30.250972799067924,3300.497673603287,Two year,1,76.75575985123923,0
294,48,113.72284872364511,4697.693610397565,One year,0,97.8686168832826,0
295,39,88.78857223008133,4368.901963088955,One year,1,112.02312725869116,0
296,42,26.78370591051719,3853.717405022983,One year,0,91.75517631007102,0
297,26,50.096356694681624,3963.3919819411635,Month-to-month,0,152.4381531515832,1
298,50,90.81720886452815,3358.4260270323766,Month-to-month,0,67.16852054064753,1
299,25,26.73506014687717,1375.4056020734147,Month-to-month,0,55.01622408293659,1
300,24,78.21704601762733,4545.255650458566,Month-to-month,1,189.38565210244028,1
301,13,54.588305695295674,3386.588328338587,Month-to-month,0,260.5067944875836,1
302,60,82.0915517767477,2846.1590918041557,Two year,0,47.435984863402595,0
303,7,24.574203381251287,643.8483991460572,Month-to-month,0,91.97834273515103,1
304,57,107.15368061523763,2290.5721646514844,Month-to-month,0,40.18547657283306,1
305,36,117.3488969177397,2355.7555288894387,Two year,0,65.43765358026218,0
306,45,116.88778552856915,4336.361686661083,Month-to-month,1,96.36359303691295,1
307,20,94.96518317429248,2778.5762789201635,One year,1,138.92881394600818,0
308,65,33.0086240130632,1963.9626899550074,Month-to-month,0,30.21481061469242,1
309,8,95.82631959290225,4886.3216097022305,Month-to-month,0,610.7902012127788,1
310,16,22.45869164588015,642.5309072989468,One year,0,40.15818170618417,0
311,14,22.212355152899725,2170.4872987285285,One year,0,155.03480705203773,0
312,15,52.36102191495412,305.92090833988595,One year,0,20.394727222659064,0
313,66,68.86431904046657,3725.5301917579586,One year,0,56.44742714784786,0
314,32,97.04074178077931,4598.575105775838,Month-to-month,0,143.70547205549494,1
315,63,88.32953766065052,1472.1829147973983,One year,0,23.367982774561877,0
316,51,64.59027063767483,4305.874216315692,One year,0,84.42890620226848,0
317,25,47.362666628166586,1531.869329263299,Two year,0,61.274773170531965,0
318,58,119.71245001577111,4562.7737920551845,One year,0,78.66851365612386,0
319,63,62.6181302235973,3794.4133276242414,One year,0,60.22878297816256,0
320,62,65.13870243296755,4044.0432065230493,Two year,1,65.22650333101693,0
321,22,36.36238211916692,188.23212244222705,Two year,0,8.556005565555775,0
322,58,99.48095487499293,4817.770749662727,Month-to-month,0,83.06501292521943,1
323,58,89.36822257814886,3660.687861144584,Two year,0,63.11530795076869,0
324,49,42.07696127887604,1593.2803673920532,Month-to-month,1,32.51592586514394,1
325,52,28.23810456158427,4164.03385780835,Two year,0,80.07757418862212,0
326,42,88.0499302074713,1479.4538722331567,Two year,0,35.22509219602754,0
327,70,85.45112142811352,4376.493813874027,Month-to-month,0,62.52134019820039,1
328,15,47.32595269982093,651.6439130184914,Two year,1,43.442927534566095,0
329,54,115.08635622504103,3548.0612895578993,Month-to-month,1,65.70483869551666,1
330,60,35.10578917809002,2749.4225355600606,Two year,0,45.82370892600101,0
331,8,63.23348010426019,573.01890395766,One year,1,71.6273629947075,0
332,53,114.36159201675989,1285.279758468311,Two year,1,24.25056148053417,0
333,60,61.97273169261223,160.77977775884247,Month-to-month,1,2.6796629626473747,1
334,5,83.85259476640856,2396.9630307760785,Two year,0,479.39260615521573,0
335,68,59.75943979627943,1576.199777724002,Month-to-month,0,23.179408495941203,1
336,6,47.421520234867,3031.951673059018,Month-to-month,0,505.32527884316966,1
337,47,118.39776479598282,1556.4652577722243,One year,1,33.11628208026009,0
338,55,60.9334006315043,1569.603646384225,One year,0,28.53824811607682,0
339,40,109.40992036791344,3741.646673784857,Month-to-month,0,93.54116684462142,1
340,52,42.99546058910862,335.8998962939319,Two year,0,6.45961339026792,0
341,16,41.31047040250833,4524.185476440737,Month-to-month,1,282.7615922775461,1
342,13,23.113408288451136,4276.092984516789,Month-to-month,1,328.93022957821455,1
343,30,85.1666825375885,3372.242947809392,Two year,0,112.40809826031305,0
344,19,56.852634372376116,3006.785693526183,Two year,1,158.2518786066412,0
345,17,106.4358249839637,4472.282240884296,Two year,0,263.07542593437034,0
346,63,67.32099066915572,1008.1178796907008,Two year,1,16.001871106201598,0
347,19,116.81934279147217,486.9488947350602,Month-to-month,0,25.628889196582115,1
348,58,38.55255157031212,1273.5998325567368,Month-to-month,0,21.95861780270236,1
349,55,106.86231679556109,3993.433565630932,One year,1,72.6078830114715,0
350,62,97.65968527917417,269.8843069597683,Month-to-month,0,4.352972692899489,1
351,23,97.0921844644052,2955.753491909099,Two year,1,128.51102138735214,0
352,9,104.47832281168877,4977.6438293374185,One year,0,553.0715365930465,0
353,12,96.10239909429988,4292.910859803943,Two year,0,357.74257165032856,0
354,1,82.62203216314154,2655.0838763135885,Month-to-month,0,2655.0838763135885,1
355,58,33.12448776823876,411.8404555045475,One year,0,7.100697508699095,0
356,1,23.25261794912519,4173.730220489979,Two year,0,4173.730220489979,0
357,34,112.08478478156869,3034.9946900683317,One year,0,89.26454970789212,0
358,48,81.6650314520738,663.1716855918775,One year,0,13.816076783164114,0
359,1,99.65372909761763,559.9006956344454,Month-to-month,0,559.9006956344454,1
360,16,68.15223515125501,4557.171415239302,Two year,1,284.8232134524564,0
361,61,31.730818896239448,3379.0812883965846,One year,1,55.39477521961614,0
362,64,32.51857922025504,4163.505316652102,One year,0,65.0547705726891,0
363,63,88.55652872289714,4406.99661138311,Two year,1,69.95232716481127,0
364,69,63.030589489946266,2901.6845250367787,One year,0,42.0533989135765,0
365,22,40.05247267003367,2635.487123599702,One year,0,119.79486925453192,0
366,67,69.15945467414369,2209.094310572852,One year,1,32.97155687422167,0
367,26,26.420893707513407,1653.0382801764845,Two year,1,63.57839539140325,0
368,16,78.19714019143987,2229.5202082076876,Two year,0,139.34501301298047,0
369,51,46.89934044350977,3892.010313077766,Two year,1,76.31392770740717,0
370,57,99.75591006371882,3049.4248119741446,Two year,0,53.4986809118271,0
371,29,51.03619589235738,4473.364120778746,Month-to-month,1,154.2539351992671,1
372,69,65.52201490818013,2272.5620704580197,One year,0,32.93568218055101,0
373,47,21.162053990810065,3074.738935721895,Two year,0,65.419977355785,0
374,62,27.24468877945589,3193.4070101507446,One year,0,51.50656467985072,0
375,69,59.24935564066848,2999.316095300995,One year,0,43.4683492072608,0
376,16,67.99388347171235,3542.90548811903,Month-to-month,0,221.43159300743937,1
377,48,80.00205481193038,1263.4239950365507,Two year,1,26.32133322992814,0
378,39,49.16625787093032,2610.5825099743743,Two year,0,66.938013076266,0
379,33,89.49818861265426,610.7015337609037,One year,0,18.506107083663746,0
380,23,106.01223971892045,1984.1055054595815,Two year,0,86.26545675911224,0
381,10,97.98509888933498,2489.5686362441957,One year,0,248.95686362441955,0
382,69,23.961882534835716,3295.8988717728153,One year,0,47.76665031554805,0
383,34,68.0506947257829,4757.602157672397,Month-to-month,0,139.92947522565873,1
384,52,30.493017841817487,3043.1902260869438,Month-to-month,0,58.522888963210455,1
385,10,44.204501586252746,3743.610189265143,Month-to-month,0,374.3610189265143,1
386,19,118.66625932671465,2580.7036915264935,One year,0,135.82651008034176,0
387,58,34.24955429015132,3207.1097537440232,Two year,1,55.2949957542073,0
388,1,69.88881534513561,447.5678590554898,Month-to-month,1,447.5678590554898,1
389,69,81.81557343181191,1346.5187461250503,Two year,0,19.51476443659493,0
390,4,90.2464970544104,1873.0801567051797,Month-to-month,0,468.2700391762949,1
391,16,75.96486834869141,2415.2174395319166,Month-to-month,0,150.9510899707448,1
392,24,20.977084741918365,323.6788529616803,One year,0,13.486618873403346,0
393,2,52.64613082439919,786.1180780112567,Month-to-month,0,393.05903900562834,1
394,32,71.77116433847115,1456.3901081773984,Month-to-month,0,45.5121908805437,1
395,24,28.786649914483334,4860.510185415148,One year,0,202.52125772563116,0
396,12,55.06269312091808,1723.6003348049487,Two year,0,143.63336123374572,0
397,50,23.320310879136656,2462.001184749204,Month-to-month,0,49.24002369498408,1
398,35,27.857849715502073,1060.8787924181254,One year,1,30.31082264051787,0
399,33,59.69232762015961,3092.8223482712647,Month-to-month,1,93.72188934155348,1
400,33,33.271575404306034,1475.347756028274,One year,0,44.70750775843255,0
401,61,76.75408482615582,1114.2636343482914,Two year,0,18.266616956529365,0
402,51,88.94649691372658,2631.2058793852975,Two year,1,51.592272144809755,0
403,43,100.05866991090829,126.97841588606202,One year,1,2.9529864159549306,0
404,12,40.01502442448101,137.5537599812041,One year,0,11.46281333176701,0
405,67,36.74825822590698,1173.4371645991032,One year,0,17.5139875313299,0
406,65,30.456784033440023,279.9346762540236,Two year,0,4.306687326984979,0
407,33,83.64302495436367,629.3261952403877,Month-to-month,0,19.070490764860235,1
408,40,90.64757264869012,1760.4171817598829,Two year,0,44.01042954399707,0
409,43,23.158614482564204,4032.669829941083,One year,0,93.78301930095542,0
410,44,113.62122462436898,2903.038352509574,One year,0,65.9781443752176,0
411,29,25.197128365147243,2612.0718571864404,Two year,0,90.07144335125656,0
412,13,74.12963353010704,1538.095233719796,One year,1,118.31501797844584,0
413,12,90.90605194509165,4665.5932252208,Two year,0,388.7994354350667,0
414,46,107.09691237460856,2045.373702062239,One year,0,44.464645697005196,0
415,2,91.40869321324278,526.7545572992803,Month-to-month,0,263.3772786496402,1
416,35,100.17280830697918,3123.625928977226,Month-to-month,0,89.24645511363504,1
417,8,53.94501925428061,657.8081280353468,One year,1,82.22601600441836,0
418,26,101.48251137465122,1791.5933997282912,Two year,0,68.90743845108813,0
419,34,28.011484638467515,2586.3184997172634,Month-to-month,0,76.06819116815481,1
420,7,109.48166560605276,4383.690370957362,Two year,1,626.2414815653374,0
421,68,74.75923761537362,2518.3782436665815,One year,0,37.03497417156738,0
422,58,101.72977699624937,3541.067953555155,Two year,1,61.052895750950945,0
423,29,65.23182845183001,4964.802511095445,Month-to-month,0,171.2000865894981,1
424,36,84.35776951965249,744.2966875001099,Two year,0,20.674907986114164,0
425,21,72.64026609361133,1446.1844750456455,Two year,0,68.86592738312598,0
426,36,93.15895217553319,2033.4227704284674,One year,0,56.483965845235204,0
427,10,28.162998203058958,2166.9580748402736,One year,1,216.69580748402737,0
428,24,26.03520839905638,2114.0032688011743,One year,1,88.08346953338226,0
429,64,44.71032340101465,4547.293912527119,Month-to-month,0,71.05146738323623,1
430,49,35.95446801131884,3598.7599578875966,Month-to-month,0,73.44408077321626,1
431,36,107.17835665922017,3078.7355490444484,One year,1,85.52043191790135,0
432,24,41.92139873580443,1615.9263175276321,One year,1,67.33026323031801,0
433,23,117.58652558191314,4136.572882684344,Month-to-month,0,179.85099489931932,1
434,62,53.68957917711069,4779.796506276446,Month-to-month,0,77.09349203671687,1
435,37,38.21179156886993,4123.87158449611,Month-to-month,0,111.45598877016513,1
436,12,98.96985071424791,107.66901543821723,Month-to-month,1,8.972417953184769,1
437,55,85.87077755008761,3218.3667138986943,One year,0,58.515758434521715,0
438,13,69.8195716453139,350.56336906629355,Month-to-month,0,26.966413005099504,1
439,23,75.53635509376312,1362.2753796352372,One year,1,59.229364331966835,0
440,30,91.92017782722638,391.67103170408126,Two year,0,13.05570105680271,0
441,17,42.84547413312987,3058.597719452,Two year,0,179.91751290894118,0
442,62,119.63339160567419,3464.290576113773,Month-to-month,0,55.87565445344795,1
443,13,117.4793162146783,660.9894265229351,Two year,0,50.84534050176424,0
444,59,85.03256863469369,1980.8105269203995,Two year,0,33.57305977831186,0
445,19,39.95424509291451,2335.558893882156,Two year,0,122.92415230958716,0
446,49,88.02282424312914,1908.3598066284912,Month-to-month,0,38.94611850262227,1
447,12,27.219840897917585,693.0225023774459,Month-to-month,0,57.751875198120494,1
448,61,23.065250220580605,2152.8441719186294,Two year,1,35.292527408502124,0
449,19,45.76828885112137,3780.7724342612487,One year,1,198.9880228558552,0
450,9,66.26229567393163,447.9375562129518,Two year,0,49.77083957921687,0
451,71,106.82725054083805,492.8820690013269,Month-to-month,0,6.942000971849675,1
452,28,92.7169069766308,1838.3793299963227,Month-to-month,0,65.6564046427258,1
453,52,94.2706521199981,4714.455986932733,Month-to-month,0,90.6626151333218,1
454,16,62.54933344480754,3376.0059689422787,Two year,0,211.00037305889242,0
455,69,54.59349925469629,3425.4827876955674,One year,0,49.64467808254445,0
456,12,57.10387629846027,1873.4079551055383,Month-to-month,0,156.1173295921282,1
457,25,118.76495637360578,3008.9378769218383,Month-to-month,0,120.35751507687354,1
458,52,24.010919141248248,149.64280173594256,Two year,0,2.8777461872296644,0
459,53,106.70314961224486,3216.8706274067567,One year,0,60.695672215221826,0
460,23,77.86754085723933,4575.10604312356,Two year,0,198.91765404885044,0
461,16,63.86154191895905,3101.609994889614,Month-to-month,0,193.85062468060087,1
462,57,92.52576604151365,4381.12310798509,One year,0,76.86180891201913,0
463,39,68.66689414247028,3647.46797178386,One year,1,93.52481978932974,0
464,53,107.34232380816606,690.7362403780822,Month-to-month,1,13.032759252416646,1
465,42,110.07018640112585,4522.021205700625,One year,0,107.66717156430059,0
466,58,62.17209268734554,425.5748373432969,One year,0,7.337497195574085,0
467,39,47.682779723505156,2716.4406154840426,Two year,0,69.6523234739498,0
468,14,79.23503285933623,796.4719065879426,Month-to-month,0,56.89085047056733,1
469,5,111.2363345616691,157.36239258142993,Month-to-month,0,31.472478516285985,1
470,35,41.06621890056665,2167.9678746254313,Month-to-month,1,61.941939275012324,1
471,18,82.29665835634827,1545.6994675053656,Month-to-month,0,85.87219263918698,1
472,9,83.15602200925206,2481.4024196082546,Month-to-month,1,275.71137995647274,1
473,58,93.3113022415281,2928.279444999299,One year,0,50.48757663791895,0
474,17,33.15676851272598,314.3214543138421,Two year,0,18.489497312578948,0
475,7,91.58249646820886,702.7161461063537,Month-to-month,1,100.38802087233624,1
476,46,110.9032520665641,2837.347742607084,Two year,0,61.681472665371395,0
477,13,37.968310887024195,1781.5200305460253,Two year,0,137.04000234969425,0
478,40,43.75433249238776,3672.950088992295,One year,0,91.82375222480738,0
479,42,117.13950940416396,3296.2290781005045,Month-to-month,0,78.48164471667867,1
480,9,38.097695270948975,4243.461378650543,One year,1,471.49570873894925,0
481,50,105.4385093369579,3493.214850679204,Month-to-month,0,69.86429701358408,1
482,27,69.22778564480348,2206.662279211726,One year,1,81.72823256339726,0
483,66,44.723107440317705,3397.5364497327187,Two year,1,51.477824995950286,0
484,5,107.07499012725114,1449.3677538515508,Month-to-month,1,289.87355077031015,1
485,29,64.53052550026655,1600.936144013242,Two year,0,55.204694621146274,0
486,37,71.48173539296903,3966.0272836118875,Two year,0,107.18992658410507,0
487,38,55.92333693997657,2287.4556303677527,One year,1,60.19620079915139,0
488,8,79.29508514349274,4012.063668539927,Month-to-month,0,501.5079585674909,1
489,65,36.352387258502276,4129.869630974565,Two year,0,63.53645586114715,0
490,17,59.10815366517607,4302.05545454029,One year,0,253.06208556119353,0
491,71,116.94123223352875,4591.512655621916,Month-to-month,0,64.66919233270303,1
492,45,45.81334327011275,2211.8275805151516,Month-to-month,0,49.15172401144781,1
493,4,85.67366645412922,1662.4474097735804,Two year,0,415.6118524433951,0
494,36,52.51900642246949,2952.7738583111577,Month-to-month,0,82.02149606419883,1
495,70,97.34731256866006,1918.744874844375,Two year,1,27.410641069205358,0
496,31,33.08736607183498,3045.2634173211413,Month-to-month,0,98.23430378455295,1
497,19,116.98210450785447,3557.370726954741,One year,1,187.23003826077584,0
498,61,65.37895413836392,3473.184590611471,Two year,0,56.93745230510608,0
499,54,43.605046334646396,1935.3091463985945,Two year,1,35.83905826664064,0
500,39,27.349674733001265,917.6149883238888,Month-to-month,0,23.52858944420228,1
501,19,36.97579050875407,2209.593758464817,Month-to-month,1,116.29440834025351,1
502,39,71.97739485560177,798.7113060013528,Two year,0,20.479777076957763,0
503,67,53.70031764312863,4461.475472400661,Month-to-month,1,66.58918615523375,1
504,45,102.88833658826094,1794.7995576155013,One year,0,39.884434613677804,0
505,13,63.08875236618059,856.8527613942865,Month-to-month,1,65.91175087648358,1
506,58,44.87142725876299,224.6940235381793,One year,1,3.874034888589298,0
507,20,81.714498660403,3264.529692803773,One year,0,163.22648464018863,0
508,61,90.67772168854458,3220.821355528242,One year,0,52.800350090626914,0
509,39,36.704190790094984,1768.9604162483292,One year,1,45.3579593909828,0
510,1,36.761921628831765,451.3882553534899,One year,0,451.3882553534899,0
511,3,23.667142693354297,2107.181584986637,Month-to-month,1,702.3938616622123,1
512,62,93.64020150656405,1624.9657258106286,One year,0,26.209124609848846,0
513,63,86.38045276218051,3417.891134701546,Month-to-month,0,54.252240233357874,1
514,25,67.46308757498139,3068.3183223181827,One year,1,122.73273289272731,0
515,56,104.41704489691972,1886.509268167946,Two year,0,33.68766550299903,0
516,33,100.56701529500532,1167.6735158494514,One year,1,35.38404593483186,0
517,38,78.53543643967521,4941.3762341624,Two year,0,130.0362166884842,0
518,6,106.82712805132586,2324.6079438609627,One year,0,387.43465731016045,0
519,58,40.58412100367683,3472.5437553231613,One year,0,59.87144405729588,0
520,44,31.19196193977279,788.7095411339678,One year,0,17.925216843953816,0
521,45,46.97496115169896,2479.3895283310494,Two year,0,55.09754507402332,0
522,32,25.708685608931486,234.92992736038087,Two year,0,7.341560230011902,0
523,45,73.1169528001032,2576.730077761205,One year,0,57.26066839469344,0
524,61,113.66056922949615,4823.685294876742,Month-to-month,0,79.07680811273347,1
525,47,23.934354066850965,1982.612893630421,One year,1,42.183253055966404,0
526,21,32.21099140100268,291.0804616170668,Two year,0,13.860974362717467,0
527,36,65.21990282834352,251.6833755047833,One year,0,6.991204875132869,0
528,19,113.38750175279048,2001.1351237396605,Two year,0,105.32290124945581,0
529,20,51.61561049767505,884.1221886696508,Two year,0,44.20610943348254,0
530,57,70.72348086883925,214.42527200811097,Two year,1,3.7618468773352802,0
531,18,24.15728590503921,3805.4467083558666,One year,0,211.41370601977036,0
532,47,34.834320096208884,2346.7627435212644,Two year,0,49.93112220258009,0
533,49,118.66301229588468,1517.2993826660072,Two year,0,30.965293523796067,0
534,14,116.51186964360456,4510.407596780756,One year,0,322.1719711986254,0
535,15,20.49399809344096,669.0809049825755,Two year,1,44.605393665505034,0
536,31,115.18117854232389,4784.002261881064,One year,0,154.3226536090666,0
537,1,83.91199378155004,1638.436915149029,Two year,1,1638.436915149029,0
538,54,106.79182945200222,4453.177994312538,Month-to-month,0,82.4662591539359,1
539,3,65.47398556338591,3054.4200947493614,Month-to-month,0,1018.1400315831205,1
540,16,71.55960285792503,4150.866062733288,Two year,1,259.4291289208305,0
541,57,68.88465802569202,4921.664499731275,Month-to-month,0,86.3449912233557,1
542,12,86.68642575461044,1513.1866453118541,One year,0,126.09888710932118,0
543,16,33.96512547563129,4809.563878497205,Month-to-month,0,300.5977424060753,1
544,24,22.997358987267795,2008.4612850218598,Two year,0,83.68588687591082,0
545,28,50.79299415911909,1989.0083332109193,Two year,0,71.03601190038998,0
546,8,90.46807627366466,1767.8968108470779,One year,0,220.98710135588473,0
547,36,40.185345212294834,2752.8972760031675,Two year,0,76.46936877786577,0
548,8,87.34324333249174,855.3107115745868,One year,0,106.91383894682335,0
549,58,116.99120461072704,2813.186278254255,Month-to-month,0,48.503211694038875,1
550,60,29.39007157894184,2754.3535808090196,Month-to-month,0,45.90589301348366,1
551,50,87.26021182251263,3833.318881763863,One year,0,76.66637763527726,0
552,28,64.37502193045711,4184.884813494169,One year,0,149.46017191050603,0
553,41,106.81422543775054,2258.1626165308776,Two year,1,55.07713698855799,0
554,64,37.71497894473859,1581.4329218223193,Month-to-month,0,24.70988940347374,1
555,27,89.26259522261645,1370.740996853763,One year,1,50.768185068657885,0
556,63,103.81152896481102,1053.6567998538726,Month-to-month,0,16.724711108791627,1
557,17,114.46142194740233,382.47315277522193,One year,0,22.498420751483643,0
558,33,88.32480282896458,1777.9950962900953,Month-to-month,0,53.87863928151804,1
559,29,69.71747640084273,1424.213691440838,Two year,0,49.11081694623579,0
560,13,81.78472402012139,4835.445190745396,Month-to-month,0,371.95732236503045,1
561,46,106.89049844787182,2832.7732486252153,Month-to-month,0,61.58202714402642,1
562,35,77.06097466388297,1801.657491249487,Month-to-month,0,51.47592832141392,1
563,6,23.038705969683686,2944.2912448691104,Month-to-month,1,490.71520747818505,1
564,69,113.09486955069778,782.063836593908,Month-to-month,0,11.334258501360987,1
565,47,88.95267510315611,2275.8143710907943,Two year,0,48.421582363633924,0
566,25,87.65133857772466,3168.5481749632127,One year,1,126.74192699852851,0
567,66,41.567515239771716,2495.599375783012,Month-to-month,0,37.81211175428806,1
568,10,85.88854702326572,2068.716123206189,Two year,0,206.8716123206189,0
569,56,59.386440565415846,4969.857105608521,Month-to-month,0,88.74744831443788,1
570,30,85.12329770414921,4413.542334529742,Month-to-month,1,147.11807781765808,1
571,5,30.659303030799073,3154.6891949812566,One year,1,630.9378389962513,0
572,33,85.7845304603036,2889.9490697931856,Month-to-month,0,87.57421423615713,1
573,65,119.94137257706666,3141.236351140462,Two year,0,48.326713094468644,0
574,18,24.821203886055603,1086.429328329923,Two year,1,60.35718490721794,0
575,49,117.71741842213173,2036.1749419951611,One year,0,41.554590652962474,0
576,11,60.690796072287064,293.35171116540664,Month-to-month,0,26.668337378673332,1
577,26,107.07534503372591,2430.175583685451,Two year,0,93.46829168020965,0
578,63,98.23854840582734,2760.8204613925495,Month-to-month,0,43.82254700623095,1
579,59,76.70162609866678,1215.9737069057269,Month-to-month,0,20.60972384585978,1
580,27,93.84492092513266,4823.741351111017,Month-to-month,0,178.6570870781858,1
581,49,107.8515561301348,4556.327593592486,One year,0,92.98627742025481,0
582,33,60.4140321651033,3638.501853733939,Month-to-month,0,110.25763193133147,1
583,1,52.70331615632387,2713.5944809502766,Two year,1,2713.5944809502766,0
584,21,86.75933855635847,4362.848882273656,Month-to-month,0,207.75470867969793,1
585,55,100.78459419412586,740.1964847349683,Two year,0,13.45811790427215,0
586,6,96.22851347766158,3973.4979919469365,Month-to-month,0,662.2496653244895,1
587,69,99.78136488586345,711.6219884375566,Two year,0,10.313362151268937,0
588,5,63.5583314812933,3991.632246492087,Two year,0,798.3264492984174,0
589,3,101.78342161750216,1451.2610844316491,Month-to-month,0,483.7536948105497,1
590,53,32.02090553706084,4397.743846989126,Month-to-month,1,82.97629899979482,1
591,23,74.44890979608496,4725.80625974445,Two year,1,205.46983738019347,0
592,53,20.575866049812156,829.1002500850666,One year,0,15.643400945001256,0
593,37,52.45858299002703,2367.110464820428,Month-to-month,0,63.97595850866022,1
594,17,56.646153487139784,4906.838152997157,One year,0,288.63753841159746,0
595,1,59.61726916092554,2468.6964362684184,Month-to-month,1,2468.6964362684184,1
596,51,89.54672066898621,4331.382860321271,Month-to-month,1,84.92907569257395,1
597,45,58.85581012703457,2984.7844584434674,Month-to-month,0,66.32854352096594,1
598,4,64.86936226225306,1939.1165488060492,Month-to-month,0,484.7791372015123,1
599,62,43.754413087432745,1500.339422076764,One year,1,24.199022936722002,0
600,65,57.325179162934006,1095.7931463218276,Month-to-month,0,16.858356097258888,1
601,32,42.72696272631515,3832.811137750716,Two year,0,119.77534805470988,0
602,34,27.319592376844362,1994.0484834328365,Two year,0,58.64848480684813,0
603,39,80.34485933813778,2605.249764783681,One year,0,66.80127602009438,0
604,26,86.82127985550163,2512.3948520057916,Month-to-month,1,96.63057123099199,1
605,34,81.94903460096145,2928.667243242343,Two year,1,86.1372718600689,0
606,54,66.34940438005724,4341.328013560306,One year,0,80.39496321407975,0
607,3,57.978578017922985,4905.622783558804,Month-to-month,0,1635.2075945196013,1
608,50,106.33336495718252,2097.162622011703,Two year,0,41.94325244023406,0
609,12,71.9081785136218,4154.842718320885,Two year,0,346.23689319340707,0
610,65,67.9181877629731,3846.1861938081165,One year,0,59.17209528935564,0
611,54,22.564206580643567,2910.291862132309,Month-to-month,0,53.8942937431909,1
612,5,54.12478276261564,4784.631003698472,Month-to-month,0,956.9262007396944,1
613,57,58.019561878585705,1082.3251260891736,Two year,0,18.988160106827607,0
614,17,59.88227808969005,635.394630517145,Two year,0,37.376154736302645,0
615,47,78.01723692273322,4284.413638081569,Two year,0,91.1577369804589,0
616,23,73.36025467268784,2251.8341015053666,Month-to-month,0,97.90583050023334,1
617,14,80.79050927934446,4250.147385614597,One year,0,303.58195611532835,0
618,66,96.48832615421283,4476.142005457533,One year,1,67.82033341602323,0
619,51,101.29857387160935,406.04220873345,Month-to-month,0,7.961611935950001,1
620,38,91.81230762264944,4428.977338631697,One year,0,116.55203522714993,0
621,64,115.55236959549347,2296.7633713101686,Two year,1,35.886927676721385,0
622,38,21.823258267636163,2601.119196120738,One year,1,68.45050516107204,0
623,50,39.57779856835461,3170.30330435673,One year,0,63.406066087134604,0
624,30,20.756287497814213,4639.2747729774255,One year,1,154.64249243258084,0
625,51,84.7474714154603,193.66886270584376,Two year,0,3.7974286805067403,0
626,63,109.8030548949987,2436.5329947573036,Month-to-month,0,38.67512690090958,1
627,52,44.34822965762993,3469.8380079097474,Two year,0,66.72765399826437,0
628,38,112.70345447963066,3641.2640927213192,Month-to-month,0,95.82273928213998,1
629,30,26.026739028956086,3493.408914531829,Month-to-month,0,116.44696381772764,1
630,51,113.44360268055144,758.7321340997971,Month-to-month,0,14.877100668623473,1
631,5,55.16226872396344,1567.0383830212381,One year,0,313.4076766042476,0
632,29,30.142082844921653,1857.706074543366,One year,0,64.0588301566678,0
633,4,68.58717591863257,4041.7423176295747,Month-to-month,0,1010.4355794073937,1
634,10,45.677656772050796,1465.9233748313097,Month-to-month,0,146.59233748313096,1
635,56,48.48729019619228,1132.4543229492956,One year,0,20.222398624094563,0
636,17,50.72899649262865,4791.495293286671,Two year,1,281.85266431098063,0
637,17,100.30258978326634,143.4300970559976,Month-to-month,1,8.437064532705742,1
638,69,73.91612766752544,4989.322192841693,Two year,1,72.30901728756078,0
639,34,51.13076991560037,3416.4243644012386,One year,0,100.4830695412129,0
640,6,81.03337833109184,4159.499567300674,Month-to-month,1,693.2499278834457,1
641,53,91.61506742231936,1543.6350420963465,Two year,0,29.125189473515974,0
642,66,47.262400073353376,170.1448605685939,Two year,0,2.5779524328574834,0
643,43,61.354910152535155,3715.560640951497,Two year,0,86.40838699887203,0
644,23,32.18860933369476,4187.308525303311,One year,0,182.0568924044918,0
645,55,38.11493495346803,3728.333046572244,One year,0,67.7878735740408,0
646,16,88.11178539649828,799.9664077741091,Two year,0,49.99790048588182,0
647,8,38.143834769562694,3791.7968190591487,Two year,1,473.9746023823936,0
648,4,72.51633836670601,3867.7216323274406,One year,0,966.9304080818602,0
649,4,90.90462617224327,3326.848526783269,Two year,0,831.7121316958172,0
650,56,30.687692309474386,3853.9680706983722,Two year,1,68.82085840532808,0
651,25,76.73122196289034,4245.015054420887,One year,0,169.8006021768355,0
652,67,45.65627837013638,3106.6601597635463,Two year,0,46.36806208602308,0
653,67,116.29268752375798,534.1630984514275,Two year,0,7.972583558976529,0
654,27,68.35456467199248,2489.376267369333,Two year,0,92.199121013679,0
655,32,100.59925497751581,480.4817398908648,One year,0,15.015054371589525,0
656,50,75.02265421562618,2096.960852058911,Two year,0,41.93921704117822,0
657,61,24.341253285481915,2094.821796715575,One year,0,34.341340929763525,0
658,51,83.31513755940223,423.44823628718376,One year,0,8.302906593866348,0
659,19,115.14033422066571,1809.2206164504487,Month-to-month,0,95.22213770791835,1
660,21,80.16118201463311,643.8906840774426,Month-to-month,0,30.661461146544887,1
661,5,101.91888594267903,4060.3525290451885,Two year,0,812.0705058090377,0
662,42,108.42064633484078,4743.671327225907,One year,1,112.94455541014064,0
663,61,42.80797719489325,454.35072876389916,Month-to-month,0,7.448372602686871,1
664,22,41.204483990822666,4780.064515729337,Two year,0,217.27565980587895,0
665,21,81.09809888509918,2660.6253367500512,Month-to-month,0,126.6964446071453,1
666,70,61.10284698067047,1567.8718219739822,Month-to-month,0,22.398168885342603,1
667,1,103.98613028667204,476.6241688532012,One year,0,476.6241688532012,0
668,5,110.00231233980112,2553.0589135450473,One year,0,510.61178270900945,0
669,12,55.34213793027181,3993.1261680046687,Month-to-month,1,332.76051400038904,1
670,46,43.687055897448204,3564.723738606821,Month-to-month,1,77.49399431753959,1
671,34,98.05255152438619,346.1074561734714,One year,0,10.17963106392563,0
672,49,47.48060355481361,457.2189933027272,Two year,1,9.330999863320963,0
673,45,102.26143185136785,2074.079084899922,One year,0,46.090646331109376,0
674,27,62.37382536487628,1546.9234208349221,Month-to-month,0,57.29346003092304,1
675,26,86.75498992914704,1238.6831829746343,Two year,0,47.64166088363978,0
676,47,29.55353138346682,1476.9220446526965,Month-to-month,0,31.423873290482906,1
677,56,82.3859324676573,4037.0654421547347,Two year,1,72.0904543241917,0
678,63,65.17676787372291,4653.217462796084,Month-to-month,0,73.8605946475569,1
679,48,78.66084631754741,2085.0032031850756,Two year,0,43.43756673302241,0
680,61,36.801420774486346,4539.943910449236,Two year,1,74.42531000736452,0
681,26,93.68737449441821,1675.3289361146217,Month-to-month,0,64.43572831210084,1
682,36,106.27970775432286,2434.541233084579,Two year,0,67.62614536346052,0
683,1,41.67398000907757,1207.5420892983987,One year,0,1207.5420892983987,0
684,8,29.57145555201617,3238.3326066616355,Month-to-month,1,404.79157583270444,1
685,52,22.36385860463364,4897.007464356564,One year,1,94.17322046839546,0
686,47,84.1971500443266,3057.1161706125554,Month-to-month,0,65.04502490665011,1
687,56,80.70940360887808,1853.2890121563894,Two year,0,33.09444664564981,0
688,14,74.669741271407,3274.305485353589,Two year,0,233.8789632395421,0
689,28,43.194709611597546,702.3113244803991,Two year,1,25.082547302871397,0
690,2,59.09059959055147,4454.429493300453,Month-to-month,0,2227.2147466502265,1
691,26,79.4476335186173,2565.1113588211983,One year,0,98.65812918543071,0
692,14,69.67668588591694,2301.813735994246,One year,1,164.41526685673188,0
693,59,118.77855202148874,2970.737463422244,Month-to-month,0,50.3514824308855,1
694,56,33.64397525567331,3161.440927668072,Month-to-month,0,56.454302279787,1
695,7,89.51445540475937,451.70145050991385,One year,0,64.5287786442734,0
696,3,60.431876810429216,3444.8243839946717,One year,1,1148.2747946648906,0
697,23,62.819961492561475,1285.465233546095,One year,0,55.8897927628737,0
698,18,91.75977656581762,3598.36789928229,One year,0,199.90932773790502,0
699,38,89.24361513243696,4130.420492482564,Month-to-month,0,108.69527611796222,1
700,15,119.12559937021884,4039.3966870073496,Month-to-month,0,269.2931124671566,1
701,64,32.83942894541252,2807.2547402986565,Two year,0,43.86335531716651,0
702,28,30.410964938416633,2648.8324723226806,One year,0,94.60115972581002,0
703,39,92.43388171287411,800.0922105631174,Two year,1,20.51518488623378,0
704,57,77.83869170064091,3899.1961369753644,Month-to-month,0,68.40694977149762,1
705,17,47.416066655980586,1429.9059641889005,Month-to-month,0,84.11211554052356,1
706,44,27.94193689889866,2533.807571807938,Two year,0,57.58653572290768,0
707,25,28.565824959643052,1492.943055344832,One year,0,59.71772221379328,0
708,17,109.41908746641182,755.7589786984964,One year,1,44.45641051167626,0
709,13,39.18673247187429,3184.832714769509,One year,0,244.98713190534684,0
710,25,52.33715621155208,366.22697063222876,One year,0,14.64907882528915,0
711,68,42.6656402226988,3768.36164721838,Two year,0,55.417083047329115,0
712,10,55.49963058319373,1656.1752967794716,Two year,0,165.61752967794718,0
713,67,26.94238427460934,100.65999572197806,Month-to-month,0,1.502387995850419,1
714,18,71.90597909082703,2604.532782262426,One year,0,144.69626568124588,0
715,34,26.76125635922149,329.5743517852553,One year,1,9.693363287801628,0
716,8,100.03565078223616,1453.2308333224073,One year,1,181.6538541653009,0
717,40,43.3712081910433,3564.1847885330094,Two year,0,89.10461971332523,0
718,42,74.00119146045105,407.17914594714273,One year,1,9.694741570170065,0
719,41,108.00790875614582,4212.758612544411,Two year,0,102.75021006205881,0
720,6,85.08773690471942,118.71762102705723,One year,0,19.786270171176206,0
721,52,73.29577865513353,1309.436959089321,One year,0,25.18147998248694,0
722,26,52.43337531153756,3730.42987514515,Month-to-month,0,143.4780721209673,1
723,64,53.300191305819794,1649.7237336736032,One year,0,25.77693333865005,0
724,59,86.94869551981901,599.2727015234664,One year,0,10.157164432601125,0
725,56,119.41393612211675,1865.1462021220966,Month-to-month,0,33.306182180751726,1
726,59,86.18391898493786,1424.927103284175,Two year,0,24.151306835325002,0
727,70,75.77834173700249,4229.288320586719,Two year,0,60.41840457981027,0
728,33,93.06505102392461,1635.4047961672013,One year,1,49.5577210959758,0
729,53,66.52056122837182,3965.7691117024356,Two year,0,74.82583229627237,0
730,22,26.01423426007852,4470.1735095726,One year,0,203.1897049805727,0
731,21,76.22968158779098,2225.705355924995,Month-to-month,0,105.98596932976166,1
732,70,115.76252845053801,4558.721404886521,Month-to-month,0,65.12459149837886,1
733,70,37.530294235765965,1948.8584644196449,One year,1,27.840835205994928,0
734,4,89.00048908206658,4823.98424080153,Month-to-month,0,1205.9960602003825,1
735,62,40.093368865905646,537.5186701753073,Month-to-month,0,8.669655970569472,1
736,62,73.58276844730813,3466.3944058658894,One year,1,55.90958719138531,0
737,24,29.66764496467196,2519.6887982389503,One year,0,104.98703325995626,0
738,55,65.03709362581851,1999.4791467326706,Month-to-month,0,36.354166304230375,1
739,9,95.61633288952461,3200.2882058681444,Two year,0,355.58757842979384,0
740,3,54.757152423898205,3548.899749008223,Two year,1,1182.966583002741,0
741,31,86.4911724487218,121.38002128651453,One year,0,3.915484557629501,0
742,40,99.54499607897291,918.0701348612737,One year,0,22.951753371531844,0
743,36,112.71778194794527,3593.9256481081616,Two year,0,99.83126800300448,0
744,24,43.46420818554535,3365.2885265332116,Month-to-month,0,140.22035527221715,1
745,6,59.931591580930814,4833.632775130518,Two year,0,805.605462521753,0
746,66,35.24160133304174,3829.0851722288367,Two year,0,58.01644200346722,0
747,4,119.24835021583752,4758.786267883556,Two year,0,1189.696566970889,0
748,6,112.70009679242953,3542.4484575205543,Two year,1,590.4080762534257,0
749,51,73.99571302805596,1560.4558223332715,One year,1,30.597172986926893,0
750,62,104.20332943764213,616.2881190291968,One year,0,9.940130952083818,0
751,57,72.09579772720423,3930.9369303901844,Month-to-month,1,68.96380579631902,1
752,66,82.35856880027598,3256.331185231988,Month-to-month,0,49.33835129139376,1
753,8,28.912443211601662,336.11146072715155,Month-to-month,0,42.013932590893944,1
754,26,95.52704204968079,1864.247282914794,Month-to-month,0,71.70181857364592,1
755,51,32.77134836352349,4788.319095873002,Two year,1,93.88860972300004,0
756,45,102.60676302525283,2551.965613979986,One year,1,56.71034697733302,0
757,44,98.20280876703859,2220.3727664965527,One year,0,50.4630174203762,0
758,5,90.87446977429764,2342.7280652805407,Month-to-month,1,468.54561305610815,1
759,70,23.616038052476213,1123.5253476253024,Month-to-month,0,16.05036210893289,1
760,26,50.31283559453286,1906.6651372374965,Two year,1,73.33327450913448,0
761,68,46.311256991084285,1912.0849543371655,Two year,1,28.118896387311256,0
762,19,56.01364074715191,356.5395989186148,Month-to-month,0,18.765242048348146,1
763,20,28.764274676383856,3861.0813797377996,One year,1,193.05406898688997,0
764,12,113.69578230310628,2140.871716329007,One year,0,178.4059763607506,0
765,47,75.38022407123762,4128.681445400474,One year,0,87.84428607235051,0
766,1,50.55243106580235,4266.705205487488,Month-to-month,0,4266.705205487488,1
767,14,59.698151707428345,1138.7708680234246,One year,0,81.34077628738747,0
768,64,64.72025405048356,3321.03206263363,Two year,1,51.89112597865047,0
769,38,80.05943333606173,2414.1808403986106,Two year,0,63.53107474733186,0
770,37,71.56794276964978,4412.768015815277,Month-to-month,0,119.26400042743992,1
771,11,111.93919732144174,1157.1293279646252,Two year,1,105.19357526951138,0
772,3,69.69634829058302,3421.2846815192165,Month-to-month,1,1140.4282271730722,1
773,33,119.21580148233127,3077.985399038341,One year,0,93.27228481934367,0
774,6,105.14249577450957,1546.9772401019807,One year,1,257.82954001699676,0
775,50,40.85105143573358,769.3444278907458,One year,0,15.386888557814917,0
776,10,113.05952146439162,3293.034826338655,Two year,1,329.3034826338655,0
777,5,31.63663978854761,3719.1275448484203,Month-to-month,0,743.825508969684,1
778,23,101.74497084911916,1646.573984440415,One year,0,71.59017323653978,0
779,10,58.06232934765801,3259.6797597093378,Month-to-month,0,325.96797597093376,1
780,44,107.79743204450695,2036.141447296366,One year,0,46.27594198400832,0
781,2,106.80566901074504,3594.713728084827,Two year,0,1797.3568640424135,0
782,13,100.59254001176211,1076.1548469808604,Two year,0,82.7811420754508,0
783,40,99.00304363070614,4462.053512917254,Month-to-month,0,111.55133782293134,1
784,2,50.46791390980408,1508.3070226813406,Two year,1,754.1535113406703,0
785,65,28.09192830512522,1902.1513400051492,Two year,0,29.26386676930999,0
786,63,60.29801787651615,384.65056519371393,Month-to-month,0,6.105564526884348,1
787,17,37.352451498650865,646.4098403742544,One year,0,38.02410825730908,0
788,9,89.49510889024617,2627.7233232904077,Two year,0,291.9692581433786,0
789,15,54.609972653778556,1411.2041159670603,Month-to-month,1,94.08027439780402,1
790,24,117.56102008599149,4193.853106136752,Two year,1,174.74387942236467,0
791,38,84.0972077345332,171.99760440927383,Two year,0,4.526252747612469,0
792,35,102.24805636343609,1957.5608384924874,Two year,0,55.93030967121393,0
793,49,33.252467274184845,1752.9931791685542,Two year,1,35.77537100343988,0
794,69,106.20144822726226,194.70539149624506,Month-to-month,0,2.8218172680615226,1
795,62,112.27571905133944,709.4051551025001,Month-to-month,1,11.442018630685485,1
796,60,68.70619188189359,2126.8491071013127,Month-to-month,0,35.44748511835521,1
797,50,80.62529377509775,2515.0364637924886,Two year,1,50.30072927584977,0
798,9,96.48098009029954,2081.0197615488587,Two year,0,231.22441794987319,0
799,34,37.48386272604125,2701.59462421926,Two year,0,79.45866541821353,0
800,35,70.25660764634424,3016.1452070378396,Month-to-month,1,86.17557734393827,1
801,1,59.86630277723131,148.62672352639458,Two year,0,148.62672352639458,0
802,40,34.63739921622491,2374.066281322169,One year,0,59.351657033054224,0
803,64,56.753442229153144,4821.146280349183,Two year,0,75.33041063045599,0
804,22,26.817230938549358,2643.258172634789,One year,0,120.14809875612677,0
805,60,22.5811906949487,3419.957110548871,Two year,0,56.999285175814514,0
806,64,33.51662891548227,1628.1329037927278,Month-to-month,0,25.439576621761372,1
807,11,116.31151115891738,3892.5577529485363,Two year,0,353.86888663168514,0
808,14,74.9529535895017,3887.315261192964,One year,0,277.66537579949744,0
809,60,116.582216115322,2654.3506335052807,One year,1,44.239177225088014,0
810,30,63.2497878330132,4882.4677340681465,Two year,0,162.7489244689382,0
811,35,51.181613308525954,715.1960523370016,One year,0,20.434172923914332,0
812,37,70.61418628402441,183.04355795894685,One year,0,4.947123188079645,0
813,5,63.95116886329101,3873.77523760977,Month-to-month,0,774.755047521954,1
814,26,30.566468426174392,4055.0621330879244,Two year,0,155.9639281956894,0
815,62,84.08263146902063,689.0154226908236,Two year,0,11.113151978884252,0
816,4,41.60381825095996,1401.3558814971698,Two year,0,350.33897037429244,0
817,42,81.95879548978296,186.00658049648166,One year,0,4.428728107059087,0
818,18,85.02010923981534,1537.212192824767,Two year,0,85.40067737915372,0
819,40,35.20248531286481,3888.3951822014906,Two year,0,97.20987955503726,0
820,39,26.134962711066816,2638.006585791637,Month-to-month,0,67.64119450747788,1
821,14,98.07615860684398,1805.6684065246116,Month-to-month,0,128.97631475175797,1
822,32,65.98004237693202,1921.5225450410185,Month-to-month,0,60.04757953253183,1
823,51,25.81637955054758,106.63276600579395,One year,0,2.0908385491332147,0
824,38,119.48663171697672,1569.0225850696559,Two year,1,41.29006802814884,0
825,23,25.778056099636665,3267.6478340258595,Month-to-month,0,142.07164495764607,1
826,63,89.50352288585532,4873.55277470015,Month-to-month,0,77.35798055079603,1
827,15,118.36789252634136,4250.5980522211075,Month-to-month,0,283.3732034814072,1
828,25,43.91801042159256,215.61532676309272,Two year,0,8.62461307052371,0
829,17,34.22493686871962,4502.9469629067125,Two year,0,264.87923311215957,0
830,66,32.13849394224289,3937.6722251632673,Two year,0,59.661700381261625,0
831,53,50.327514756759555,3923.843005497804,One year,1,74.03477368863781,0
832,51,30.104581101064667,2344.1792191175005,One year,0,45.96429841406864,0
833,39,89.2161341694132,2050.225935477064,Month-to-month,1,52.56989578146318,1
834,51,26.22917981300627,1584.2870712826439,Two year,0,31.064452378091055,0
835,70,70.94221281497897,421.9048088763923,Month-to-month,0,6.027211555377033,1
836,6,119.66968538529768,1218.3532811191255,Two year,0,203.05888018652092,0
837,67,101.39702695060188,1308.3578113923206,Two year,0,19.527728528243593,0
838,7,81.52194382310108,2471.977641579988,Two year,0,353.1396630828554,0
839,51,50.62536207866117,3762.4775923238003,One year,0,73.77407043772158,0
840,42,82.38958362916384,2421.668159149938,One year,0,57.658765694046146,0
841,64,72.70414639116515,383.437802291087,Two year,1,5.991215660798234,0
842,15,62.60833838903715,4793.170024842199,Month-to-month,1,319.54466832281327,1
843,29,33.07103767401995,4719.34916356115,Two year,0,162.73617805383276,0
844,33,108.66042152404667,3947.428761427201,Two year,0,119.61905337658186,0
845,27,64.97846488213224,4957.506717664681,Month-to-month,0,183.6113599135067,1
846,36,39.46225118207651,2767.963430721288,Two year,0,76.88787307559134,0
847,29,56.77593508772896,4817.56491624071,Month-to-month,0,166.12292814623137,1
848,38,61.4129752528927,470.4646990220788,One year,0,12.38064997426523,0
849,57,102.75378955668742,1891.8356664807195,One year,0,33.19009941194245,0
850,27,93.3614380561402,1204.3682132331526,Month-to-month,0,44.60623011974639,1
851,55,96.93048936413398,1059.5821122579232,One year,1,19.26512931378042,0
852,33,21.10312644286472,789.9344495741128,One year,0,23.937407562851902,0
853,68,61.615399817976154,3149.826843673384,Month-to-month,1,46.32098299519682,1
854,66,68.13441516353237,3928.477093161795,One year,0,59.522380199421136,0
855,10,21.919227682305667,2933.662157159767,Two year,0,293.3662157159767,0
856,5,45.981320874503425,820.1172769822274,Two year,0,164.02345539644548,0
857,38,96.0289823122135,4074.5064726740075,Month-to-month,0,107.22385454405283,1
858,13,33.7109705728999,3216.1780651022696,One year,0,247.39831270017459,0
859,31,73.53101314525917,2002.0119600222781,Two year,0,64.58103096846058,0
860,47,41.52018720172375,3403.2384481267086,Two year,0,72.40932868354699,0
861,52,21.212077464389328,1373.534398289881,One year,0,26.414123044036174,0
862,56,44.12014575995415,1791.4418216216316,One year,0,31.990032528957705,0
863,15,117.58737549100537,4595.680631346752,Two year,0,306.3787087564502,0
864,29,100.15371118829896,1523.47207778996,Two year,0,52.53351992379172,0
865,8,115.95766443210334,2402.942513973889,Month-to-month,0,300.36781424673615,1
866,5,68.78540439263625,4461.691573240471,Month-to-month,0,892.3383146480943,1
867,29,30.97361986775035,3567.8346163108845,Two year,0,123.02877987278912,0
868,47,74.7959488973693,404.7958082070435,Month-to-month,1,8.612676770362627,1
869,68,65.4377334559961,821.7849169669547,Two year,0,12.085072308337569,0
870,45,104.4357082739616,138.4237947823924,Two year,1,3.076084328497609,0
871,2,29.80825807842446,3191.5167721229004,Month-to-month,0,1595.7583860614502,1
872,27,68.82411370217781,2293.5997845110496,Month-to-month,0,84.9481401670759,1
873,36,35.00486646939842,757.9467694211501,One year,0,21.05407692836528,0
874,36,52.467592689006,4793.877193178175,One year,0,133.1632553660604,0
875,26,93.73570773877996,2695.3326473335374,One year,0,103.66664028205913,0
876,43,67.60181293687666,1285.277141153157,Two year,1,29.89016607332923,0
877,27,57.58882851457693,2552.957498658067,Month-to-month,0,94.55398143178026,1
878,69,59.44762785700353,3430.139630402028,Two year,0,49.712168556551134,0
879,20,65.94467684059866,473.5721680704659,Month-to-month,0,23.678608403523295,1
880,11,98.50165438370568,1446.0486937346707,Two year,1,131.45897215769733,0
881,38,109.20846889402344,4054.1309053315686,One year,0,106.68765540346233,0
882,6,115.53346865039283,2352.3578649730403,One year,0,392.05964416217336,0
883,23,98.6903386255295,2778.227995958245,One year,0,120.79252156340196,0
884,47,51.54068957480128,2220.7984108263995,Two year,1,47.25103001758297,0
885,46,88.81347060865421,315.1097189507251,Month-to-month,1,6.8502112815375025,1
886,12,63.760312405539196,912.173921118764,Month-to-month,0,76.01449342656367,1
887,13,45.467062204605114,2283.154029835265,One year,1,175.62723306425116,0
888,62,104.08715794259226,1125.0087804988464,One year,1,18.145302911271717,0
889,60,23.8426348962325,344.8972404324258,One year,0,5.74828734054043,0
890,43,110.17619921354235,4233.883353853937,One year,0,98.46240357799853,0
891,68,66.1477464624734,4907.843392904168,Month-to-month,0,72.17416754270835,1
892,5,83.72014768082803,3986.400082584023,Two year,1,797.2800165168046,0
893,37,85.93539222057827,4283.546116352868,Two year,0,115.77151665818562,0
894,31,109.51177407065364,1285.6879385535224,Two year,1,41.47380446946846,0
895,9,83.66696821672073,4807.072180014678,Two year,0,534.119131112742,0
896,51,81.39335847600617,1064.935951821799,One year,1,20.88109709454508,0
897,29,26.665204056068994,4762.006070772978,One year,0,164.2071058887234,0
898,40,71.8408021945204,4974.61454043316,One year,0,124.365363510829,0
899,41,35.016900081704165,3587.441748155639,Two year,1,87.49857922330827,0
900,11,93.74337687214856,4907.6042857799275,One year,1,446.14584416181157,0
901,23,71.22219208126745,2890.744919878808,One year,1,125.68456173386122,0
902,1,88.02277792083532,1371.7547375628426,Month-to-month,0,1371.7547375628426,1
903,46,24.16729006023843,2241.2798397615425,Month-to-month,0,48.72347477742483,1
904,21,28.47920160458032,3008.448583356051,One year,0,143.25945635028816,0
905,36,91.63233880626822,458.0996539323734,Month-to-month,0,12.724990387010372,1
906,54,27.208433599867337,3149.481996624506,Month-to-month,0,58.32374067823159,1
907,57,27.12567277652586,4907.771400135243,One year,0,86.10125263395163,0
908,1,21.210847523488745,1031.5274839402655,One year,0,1031.5274839402655,0
909,63,115.65013982994802,3983.7160698130783,One year,1,63.233588409731404,0
910,54,93.75083594590069,4548.704089520134,One year,0,84.23526091703953,0
911,55,55.32514085020642,4724.137804819082,Two year,0,85.89341463307422,0
912,40,49.653558128765525,4804.664461586692,Two year,0,120.11661153966729,0
913,15,54.97032297458495,2655.1522297352126,One year,0,177.01014864901418,0
914,21,97.46535311811819,4888.808749158368,Month-to-month,0,232.80041662658897,1
915,47,86.13706110704143,3810.8200149587506,One year,1,81.08127691401597,0
916,53,38.51955678674679,892.1900375611133,One year,1,16.83377429360591,0
917,9,37.41093353340844,2436.810521693053,Month-to-month,1,270.75672463256143,1
918,52,29.839564971339733,3619.8227593228194,Two year,1,69.61197614082344,0
919,57,86.03027197013381,1311.9675475135084,One year,0,23.01697451778085,0
920,26,96.43726622217359,3239.014399389548,One year,0,124.577476899598,0
921,41,46.5046428325004,3366.3423473284342,Two year,0,82.10591091044961,0
922,35,22.09449610309128,897.2287446619729,Two year,0,25.63510699034208,0
923,63,28.217166747642736,2868.9180310185056,Month-to-month,0,45.538381444738185,1
924,25,116.78600348450304,3880.971863795178,Two year,0,155.2388745518071,0
925,38,49.54447774774202,2544.5887562261155,Two year,0,66.96286200595041,0
926,2,96.92231478381336,159.30527220292637,Two year,0,79.65263610146319,0
927,7,82.46635688542638,144.28849848853167,Month-to-month,0,20.61264264121881,1
928,34,58.19396396528959,1849.4437854530597,Two year,0,54.395405454501756,0
929,17,40.568726219555515,4638.3509353157315,Two year,0,272.8441726656313,0
930,43,32.138641815940645,1220.516220057683,Month-to-month,0,28.38409814087635,1
931,59,81.50129680388666,3208.382075471267,Two year,0,54.3793572113774,0
932,51,97.4633780637788,1188.1717663972709,Two year,1,23.297485615632763,0
933,54,84.39042535411306,1676.1829493317882,Month-to-month,0,31.04042498762571,1
934,24,73.03021332491583,4255.406239047272,One year,0,177.30859329363633,0
935,25,24.195122343163625,3671.4210671227397,Month-to-month,1,146.8568426849096,1
936,71,116.84887775943838,567.4564588347321,Two year,0,7.992344490630029,0
937,52,99.87141916545745,2200.639902833525,Two year,0,42.31999813141394,0
938,70,49.28220367009648,242.9318418617959,Two year,0,3.4704548837399414,0
939,33,117.99703293588506,2456.361718354744,Month-to-month,0,74.4352035865074,1
940,49,80.18815896363222,3345.926657335234,Two year,1,68.28421749663742,0
941,29,78.24226582072464,680.6628556309427,Two year,1,23.471132952791127,0
942,63,94.8073179429532,1515.5362006549117,Month-to-month,0,24.05613016912558,1
943,22,101.17697880901376,2049.3994649605693,One year,0,93.15452113457133,0
944,26,85.64786073315027,4605.702020814644,One year,0,177.14238541594784,0
945,28,32.80957463662,4966.949575572524,Two year,0,177.39105627044728,0
946,49,53.82675059944984,320.0653650785177,Month-to-month,0,6.531946226092198,1
947,71,112.80836403260497,3828.938825127421,Two year,0,53.92871584686508,0
948,49,42.46156118438519,1921.447925371482,Month-to-month,0,39.21322296676494,1
949,20,57.21670238375133,2023.0451125244522,Month-to-month,0,101.15225562622261,1
950,63,63.2076882944196,3795.8983694004114,One year,0,60.2523550698478,0
951,61,63.940498969445215,4600.289517512502,One year,0,75.41458225430331,0
952,49,81.29395824945254,4759.550113062487,Month-to-month,0,97.13367577678545,1
953,71,114.30758377447076,2927.9006715877717,Two year,1,41.23803762799678,0
954,1,44.06927118325049,1849.8936805724638,One year,0,1849.8936805724638,0
955,13,32.150137630091805,3958.9905207080183,Two year,0,304.5377323621552,0
956,51,39.74704898599373,1329.9067779852712,One year,1,26.076603489907278,0
957,56,108.69249002092695,2863.962741284237,One year,0,51.14219180864709,0
958,62,84.5810812655206,1857.0344614718786,Two year,0,29.952168733417395,0
959,32,48.590678923916016,3317.492261168593,One year,0,103.67163316151853,0
960,30,101.59469389686173,1277.9546731781838,One year,0,42.598489105939464,0
961,29,106.1369996363436,1038.8054341006464,Two year,0,35.82087703795332,0
962,49,104.6514338690278,4599.371524709642,One year,0,93.86472499407432,0
963,45,111.89265336395545,598.8380464527309,One year,0,13.30751214339402,0
964,30,45.22410201733616,2579.193747901165,One year,1,85.97312493003884,0
965,16,95.50419287462783,1182.1786365187438,Two year,0,73.88616478242149,0
966,40,66.053949727414,290.75682029577047,Month-to-month,0,7.268920507394261,1
967,19,104.19985528900615,276.4922096279893,Two year,1,14.55222155936786,0
968,18,92.84906771616131,958.586683318554,Month-to-month,0,53.25481573991967,1
969,1,97.64474464997247,4347.174737079401,One year,1,4347.174737079401,0
970,47,85.61618376810715,1484.1458454874307,Month-to-month,0,31.577571180583632,1
971,66,37.74287694697068,4757.249935818949,Two year,1,72.07954448210529,0
972,38,74.50269188969384,2949.949235647048,Two year,0,77.63024304334337,0
973,51,118.46697395245081,2239.409529866954,One year,1,43.909990781704984,0
974,63,113.73880664971189,2942.4352898803277,Month-to-month,1,46.705322061592504,1
975,4,24.31737357970117,2631.822087608712,One year,0,657.955521902178,0
976,1,36.481481572943714,3818.0036434108933,One year,0,3818.0036434108933,0
977,8,33.17287734545619,1484.2307232669762,Two year,0,185.52884040837202,0
978,29,92.59799099852955,1829.9469188414816,Month-to-month,0,63.101617891085574,1
979,55,101.77853298569451,4481.062082412928,Month-to-month,0,81.47385604387142,1
980,3,41.35113663106719,4737.636914436986,Month-to-month,0,1579.2123048123287,1
981,32,70.5852692951829,4473.535314683725,Month-to-month,0,139.7979785838664,1
982,10,104.07030280112,2155.2951703908366,One year,0,215.52951703908366,0
983,34,93.28015447662506,3923.79096473372,One year,0,115.4056166098153,0
984,55,74.22372054918483,2434.045093175384,Two year,0,44.25536533046153,0
985,32,79.03476904587728,2537.945275515901,One year,0,79.3107898598719,0
986,50,70.836054691628,1102.9325343806913,One year,0,22.058650687613827,0
987,7,49.75484513188206,2996.5384859667306,Two year,0,428.0769265666758,0
988,8,76.50219928590161,1012.0658989914049,Two year,0,126.50823737392561,0
989,65,88.88853020500906,1724.6670254292494,Two year,0,26.533338852757684,0
990,57,107.33229158608077,4289.647987937682,One year,0,75.25698224452074,0
991,67,83.62913539792481,1114.6714651331906,One year,0,16.636887539301352,0
992,59,96.1121537043158,448.67559734982075,Two year,1,7.6046711415223855,0
993,54,36.0071634954573,438.1372038027999,Two year,0,8.113651922274071,0
994,67,66.15574744197899,4709.844150465228,Two year,0,70.29618135022729,0
995,51,20.93316198270933,2583.9101460129896,One year,0,50.664904823784106,0
996,8,44.66788645216231,2106.11915190339,One year,1,263.26489398792376,0
997,34,92.64617151130048,4073.3050469388004,Month-to-month,1,119.80308961584707,1
998,35,119.18099513493634,4195.547046761529,One year,0,119.8727727646151,0
999,32,29.91780995872159,1727.7360622664626,One year,0,53.991751945826955,0
